month,emi,interest,principal,balance
1,61992.84,35416.67,26576.18,4973423.82
2,61992.84,35228.42,26764.43,4946659.40
3,61992.84,35038.84,26954.01,4919705.39
4,61992.84,34847.91,27144.93,4842560.46
5,61992.84,34301.47,27691.37,4814869.08
6,61992.84,34105.32,27887.52,4786981.56
7,61992.84,33907.79,28085.06,4758896.50
8,61992.84,33708.85,28283.99,4730612.51
9,61992.84,33508.51,28484.34,4702128.17
10,61992.84,33306.74,28686.10,4673442.07
11,61992.84,33103.55,28889.30,4644552.77
12,61992.84,32898.92,29093.93,4615458.84
13,61992.84,32692.83,29300.01,4586158.83
14,61992.84,32485.29,29507.55,4556651.28
15,61992.84,32276.28,29716.56,4526934.71
16,61992.84,32065.79,29927.06,4497007.66
17,61992.84,31853.80,30139.04,4466868.62
18,61992.84,31640.32,30352.53,4436516.09
19,61992.84,31425.32,30567.52,4405948.57
20,61992.84,31208.80,30784.04,4375164.53
21,61992.84,30990.75,31002.10,4344162.43
22,61992.84,30771.15,31221.69,4312940.74
23,61992.84,30550.00,31442.85,4281497.89
24,61992.84,30327.28,31665.57,4249832.32
25,61992.84,30102.98,31889.87,4217942.46
26,61992.84,29877.09,32115.75,4185826.70
27,61992.84,29649.61,32343.24,4153483.47
28,61992.84,29420.51,32572.34,4120911.13
29,61992.84,29189.79,32803.06,4088108.07
30,61992.84,28957.43,33035.41,4055072.66
31,61992.84,28723.43,33269.41,4021803.25
32,61992.84,28487.77,33505.07,3988298.18
33,61992.84,28250.45,33742.40,3954555.78
34,61992.84,28011.44,33981.41,3920574.37
35,61992.84,27770.74,34222.11,3886352.26
36,61992.84,27528.33,34464.52,3851887.74
37,61992.84,27284.20,34708.64,3817179.10
38,61992.84,27038.35,34954.49,3782224.61
39,61992.84,26790.76,35202.09,3747022.52
40,61992.84,26541.41,35451.43,3711571.09
41,61992.84,26290.30,35702.55,3675868.54
42,61992.84,26037.40,35955.44,3639913.10
43,61992.84,25782.72,36210.13,3603702.97
44,61992.84,25526.23,36466.62,3567236.36
45,61992.84,25267.92,36724.92,3530511.44
46,61992.84,25007.79,36985.06,3493526.38
47,61992.84,24745.81,37247.03,3456279.35
48,61992.84,24481.98,37510.87,3418768.48
49,61992.84,24216.28,37776.57,3380991.92
50,61992.84,23948.69,38044.15,3342947.76
51,61992.84,23679.21,38313.63,3304634.13
52,61992.84,23407.83,38585.02,3266049.11
53,61992.84,23134.51,38858.33,3227190.78
54,61992.84,22859.27,39133.58,3188057.21
55,61992.84,22582.07,39410.77,3148646.43
56,61992.84,22302.91,39689.93,3108956.50
57,61992.84,22021.78,39971.07,3068985.43
58,61992.84,21738.65,40254.20,3028731.24
59,61992.84,21453.51,40539.33,2988191.90
60,61992.84,21166.36,40826.49,2947365.42
61,61992.84,20877.17,41115.67,2906249.75
62,61992.84,20585.94,41406.91,2864842.84
63,61992.84,20292.64,41700.21,2823142.63
64,61992.84,19997.26,41995.58,2781147.05
65,61992.84,19699.79,42293.05,2738853.99
66,61992.84,19400.22,42592.63,2696261.36
67,61992.84,19098.52,42894.33,2653367.04
68,61992.84,18794.68,43198.16,2610168.88
69,61992.84,18488.70,43504.15,2566664.73
70,61992.84,18180.54,43812.30,2522852.43
71,61992.84,17870.20,44122.64,2478729.79
72,61992.84,17557.67,44435.18,2434294.61
73,61992.84,17242.92,44749.92,2389544.69
74,61992.84,16925.94,45066.90,2344477.78
75,61992.84,16606.72,45386.13,2299091.66
76,61992.84,16285.23,45707.61,2253384.04
77,61992.84,15961.47,46031.37,2207352.67
78,61992.84,15635.41,46357.43,2160995.24
79,61992.84,15307.05,46685.79,2114309.45
80,61992.84,14976.36,47016.49,2067292.96
81,61992.84,14643.33,47349.52,2019943.44
82,61992.84,14307.93,47684.91,1972258.53
83,61992.84,13970.16,48022.68,1924235.85
84,61992.84,13630.00,48362.84,1875873.01
85,61992.84,13287.43,48705.41,1827167.60
86,61992.84,12942.44,49050.41,1778117.19
87,61992.84,12595.00,49397.85,1728719.34
88,61992.84,12245.10,49747.75,1678971.59
89,61992.84,11892.72,50100.13,1628871.46
90,61992.84,11537.84,50455.00,1578416.46
91,61992.84,11180.45,50812.39,1527604.07
92,61992.84,10820.53,51172.32,1476431.75
93,61992.84,10458.06,51534.79,1424896.96
94,61992.84,10093.02,51899.82,1372997.14
95,61992.84,9725.40,52267.45,1320729.69
96,61992.84,9355.17,52637.68,1268092.02
97,61992.84,8982.32,53010.53,1215081.49
98,61992.84,8606.83,53386.02,1161695.47
99,61992.84,8228.68,53764.17,1107931.30
100,61992.84,7847.85,54145.00,1053786.31
101,61992.84,7464.32,54528.52,999257.78
102,61992.84,7078.08,54914.77,944343.01
103,61992.84,6689.10,55303.75,889039.26
104,61992.84,6297.36,55695.48,833343.78
105,61992.84,5902.85,56089.99,777253.79
106,61992.84,5505.55,56487.30,720766.49
107,61992.84,5105.43,56887.42,663879.08
108,61992.84,4702.48,57290.37,606588.71
109,61992.84,4296.67,57696.17,548892.54
110,61992.84,3887.99,58104.86,490787.68
111,61992.84,3476.41,58516.43,432271.25
112,61992.84,3061.92,58930.92,373340.32
113,61992.84,2644.49,59348.35,313991.97
114,61992.84,2224.11,59768.73,254223.24
115,61992.84,1800.75,60192.10,194031.14
116,61992.84,1374.39,60618.46,133412.69
117,61992.84,945.01,61047.84,72364.85
118,61992.84,512.58,61480.26,10884.59
119,10961.69,77.10,10884.59,0.00
